<?xml version="1.0" encoding="UTF-8"?>
<project-private xmlns="http://www.netbeans.org/ns/project-private/1">
    <editor-bookmarks xmlns="http://www.netbeans.org/ns/editor-bookmarks/2" lastBookmarkId="0"/>
    <open-files xmlns="http://www.netbeans.org/ns/projectui-open-files/2">
        <group>
            <file>file:/home/afro/NetBeansProjects/Napakalaki/NapakalakiRuby/lib/TreasureKind.rb</file>
            <file>file:/home/afro/NetBeansProjects/Napakalaki/NapakalakiRuby/lib/Monster.rb</file>
            <file>file:/home/afro/NetBeansProjects/Napakalaki/NapakalakiRuby/lib/PruebaRuby.rb</file>
            <file>file:/home/afro/NetBeansProjects/Napakalaki/NapakalakiRuby/lib/Prize.rb</file>
            <file>file:/home/afro/NetBeansProjects/Napakalaki/NapakalakiRuby/lib/Player.rb</file>
            <file>file:/home/afro/NetBeansProjects/Napakalaki/NapakalakiRuby/lib/dice.rb</file>
            <file>file:/home/afro/NetBeansProjects/Napakalaki/NapakalakiRuby/lib/BadConsequence.rb</file>
            <file>file:/home/afro/NetBeansProjects/Napakalaki/NapakalakiRuby/lib/treasure.rb</file>
        </group>
    </open-files>
</project-private>
